Name, Age, City
Alice,34, New York
Bob, 25, Los Angeles
Charlie, 35, San Francisco
Name, Age, City
Alice,34, New York
Bob, 25, Los Angeles
Charlie, 35, San Francisco
Name, Age, City
Alice,34, New York
Bob, 25, Los Angeles
Charlie, 35, San Francisco
Name, Age, City
Alice,34, New York
Bob, 25, Los Angeles
Charlie, 35, San Francisco
Name, Age, City
Alice,34, New York
Bob, 25, Los Angeles
Charlie, 35, San Francisco
Name, Age, City
Alice,34, New York
Bob, 25, Los Angeles
Charlie, 35, San Francisco
Name, Age, City
Alice,34, New York
Bob, 25, Los Angeles
Charlie, 35, San Francisco
Name, Age, City
Alice,34, New York
Bob, 25, Los Angeles
Charlie, 35, San Francisco
Name, Age, City
Alice,34, New York
Bob, 25, Los Angeles
Charlie, 35, San Francisco
Name, Age, City
Alice,34, New York
Bob, 25, Los Angeles
Charlie, 35, San Francisco
Name, Age, City
Alice,34, New York
Bob, 25, Los Angeles
Charlie, 35, San Francisco
Name, Age, City
Alice,34, New York
Bob, 25, Los Angeles
Charlie, 35, San Francisco
Name, Age, City
Alice,34, New York
Bob, 25, Los Angeles
Charlie, 35, San Francisco
Name, Age, City
Alice,34, New York
Bob, 25, Los Angeles
Charlie, 35, San Francisco
Name, Age, City
Alice,34, New York
Bob, 25, Los Angeles
Charlie, 35, San Francisco
Name, Age, City
Alice,34, New York
Bob, 25, Los Angeles
Charlie, 35, San Francisco
